{
	"format_version": "1.8.0",
	"animations": {
		"animation.milotic.ground_idle": {
			"loop": true,
			"bones": {
				"body": {
					"rotation": [0, -7.5, 0.00001],
					"position": [-0.5, -5, -10]
				},
				"neck2": {
					"rotation": [-32.22927, 13.82594, -19.1114]
				},
				"neck3": {
					"rotation": [-9.90769, 19.62486, -2.29425]
				},
				"neck4": {
					"rotation": [1.61029, 18.32496, -1.40133]
				},
				"eyebrow_left_rotation": {
					"rotation": [0, 0, 0]
				},
				"hair_left2": {
					"rotation": [5, 7.5, -2.5]
				},
				"hair_left3": {
					"rotation": [5, 5, -2.5]
				},
				"hair_left4": {
					"rotation": [5, 7.5, -2.5]
				},
				"hair_left5": {
					"rotation": [4.66733, 7.71069, -5.01322]
				},
				"hair_left6": {
					"rotation": [5.10395, 2.27982, -7.50755]
				},
				"hair_left7": {
					"rotation": [5, 0, -7.5]
				},
				"hair_left8": {
					"rotation": [5, 0, -5]
				},
				"eyelash_left": {
					"rotation": [2.5, 2.5, 0]
				},
				"eyelash_left2": {
					"rotation": [-5.0639, 17.49037, -0.22838]
				},
				"eyelash_left3": {
					"rotation": [0, 22.5, 0]
				},
				"eyelash_left4": {
					"rotation": [0, 10, 0]
				},
				"eyelash_left5": {
					"rotation": [0, -37.5, 0]
				},
				"torso": {
					"rotation": [74.93033, -56.34612, 0.25026]
				},
				"tail1": {
					"rotation": [15.81937, 6.75962, -29.95713]
				},
				"tail2": {
					"rotation": [5.10407, -0.51864, -41.2109]
				},
				"tail3": {
					"rotation": [-9.16112, -3.92892, -35.02617]
				},
				"tail4": {
					"rotation": [-9.0102, -4.02994, -40.05421]
				},
				"tail5": {
					"rotation": [5.73116, 6.26649, -24.00507]
				},
				"tail8": {
					"rotation": [29.24997, -9.40585, -9.52142]
				},
				"tail_fins": {
					"rotation": [47.96105, 66.46725, 41.36873]
				},
				"tail_fin": {
					"rotation": [0, 0, 10]
				},
				"tail_fin2": {
					"rotation": [0, 0, 7.5]
				},
				"tail_fin3": {
					"rotation": [0, 0, 2.5]
				},
				"head_angle": {
					"rotation": [40, 0, 0]
				},
				"tail7": {
					"rotation": [27.14233, -4.59902, -21.11073]
				},
				"hair_right2": {
					"rotation": [5, -7.5, 2.5]
				},
				"hair_right3": {
					"rotation": [7.5, -5, 2.5]
				},
				"hair_right4": {
					"rotation": [4.66733, -7.71069, 5.01322]
				},
				"hair_right5": {
					"rotation": [3.97512, -8.08768, 10.04679]
				},
				"hair_right6": {
					"rotation": [5.33581, -4.75998, 7.28055]
				},
				"hair_right7": {
					"rotation": [4.95744, 0.65182, 0.02822]
				},
				"hair_right8": {
					"rotation": [4.99527, 0.21782, 2.5095]
				},
				"eyelash_right": {
					"rotation": [2.5, -2.5, 0],
					"position": [0, 0, 0]
				},
				"eyelash_right2": {
					"rotation": [-5.0639, -17.49037, 0.22838]
				},
				"eyelash_right3": {
					"rotation": [0, -20, 0]
				},
				"eyelash_left6": {
					"rotation": [0, -50, 0]
				},
				"eyelash_right4": {
					"rotation": [0, -10, 0]
				},
				"eyelash_right5": {
					"rotation": [0, 37.5, 0]
				},
				"eyelash_right6": {
					"rotation": [0, 50, 0]
				},
				"neck": {
					"rotation": [25.57876, -51.11002, 15.25293]
				},
				"eyes": {
					"position": [0, 0.25, 0]
				},
				"hair_right1": {
					"rotation": [0, -7.5, -75]
				},
				"tail6": {
					"rotation": [22.4756, 10.42548, -17.85594]
				},
				"eyebrow_right2": {
					"rotation": [-53.16171, -7.57131, 9.97528]
				},
				"hair_left1": {
					"rotation": [0, 7.5, 75]
				},
				"head": {
					"rotation": [-25, 0, 0]
				},
				"neck5": {
					"rotation": [7.5, 0, 0]
				}
			}
		},
		"animation.milotic.blink": {
			"animation_length": 0.1667,
			"bones": {
				"eyelid_left": {
					"position": {
						"0.0": [0.1, 0, 0],
						"0.125": [0.1, 0, 0],
						"0.1667": [0, 0, 0]
					}
				},
				"eyelid_right": {
					"position": {
						"0.0": [-0.1, 0, 0],
						"0.125": [-0.1, 0, 0],
						"0.1667": [0, 0, 0]
					}
				}
			}
		},
		"animation.milotic.shock": {
			"loop": true,
			"bones": {
				"pupil_left": {
					"scale": [1, 0.7, 0.7]
				},
				"mouth_open": {
					"position": [0, -0.1, 0]
				},
				"mouth_closed": {
					"position": [0, 0.1, 0]
				},
				"pupil_right": {
					"scale": [1, 0.7, 0.7]
				}
			}
		},
		"animation.milotic.angry": {
			"loop": true,
			"bones": {
				"eye_angry_left": {
					"position": [0.1, 0, 0]
				},
				"eye_angry_right": {
					"position": [-0.1, 0, 0]
				}
			}
		},
		"animation.milotic.sad": {
			"loop": true,
			"bones": {
				"eye_sad_left": {
					"position": [0.1, 0, 0]
				},
				"eye_sad_right": {
					"position": [-0.1, 0, 0]
				}
			}
		},
		"animation.milotic.happy": {
			"loop": true,
			"bones": {
				"mouth_closed": {
					"position": [0, 0.1, 0]
				},
				"mouth_happy": {
					"position": [0, -0.1, 0]
				},
				"eyelid_happy_left": {
					"position": [0.1, 0, 0]
				},
				"eyelid_happy_right": {
					"position": [-0.1, 0, 0]
				}
			}
		},
		"animation.milotic.recoil": {
			"loop": true,
			"bones": {
				"mouth_closed": {
					"position": [0, 0.1, 0]
				},
				"mouth_sad": {
					"position": [0, -0.1, 0]
				},
				"eyelid_recoil_left": {
					"position": [0.1, 0, 0]
				},
				"eyelid_recoil_right": {
					"position": [-0.1, 0, 0]
				}
			}
		}
	}
}