{
	"format_version": "1.8.0",
	"animations": {
		"animation.salamence.ground_idle": {
			"loop": true,
			"animation_length": 2.25,
			"bones": {
				"neck2": {
					"rotation": [-2.5, 0, 0]
				},
				"neck3": {
					"rotation": [12.27807, -1.47528, -0.31278]
				},
				"head_rotation": {
					"rotation": [5, 0, 0]
				},
				"leg_front_left_rotation": {
					"rotation": [-18.28501, -4.31548, 13.38714]
				},
				"leg_front_left2": {
					"rotation": [16.75454, 1.29463, 11.18409]
				},
				"foot_front_left": {
					"rotation": [4.23073, -2.25794, 16.77429]
				},
				"body": {
					"rotation": [-2.5, 0, 0],
					"position": [0, 0.35, 0]
				},
				"leg_front_right_rotation": {
					"rotation": [-18.28501, 4.31548, -13.38714]
				},
				"leg_front_right2": {
					"rotation": [16.75454, -1.29463, -11.18409]
				},
				"foot_front_right": {
					"rotation": [4.23073, 2.25794, -16.77429]
				},
				"leg_back_left": {
					"rotation": [0, 0, 7.5]
				},
				"leg_back_left_rotation": {
					"rotation": [-1.33894, -2.13569, -4.72592]
				},
				"leg_back_left2": {
					"rotation": [17.75131, -4.14797, 24.97856]
				},
				"foot_back_left": {
					"rotation": [-10.49016, 3.66863, 18.88251]
				},
				"leg_back_right": {
					"rotation": [0, 0, -7.5]
				},
				"leg_back_right_rotation": {
					"rotation": [-1.33894, 2.13569, 4.72592]
				},
				"leg_back_right2": {
					"rotation": [17.75131, 4.14797, -24.97856]
				},
				"foot_back_right": {
					"rotation": [-10.49016, -3.66863, -18.88251]
				},
				"wing_left": {
					"rotation": [0, 0, 47.5]
				},
				"wing_left2": {
					"rotation": [0, 0, 7.5]
				},
				"wing_left3": {
					"rotation": [0, 0, 12.5]
				},
				"wing_right": {
					"rotation": [0, 0, -47.5]
				},
				"wing_right2": {
					"rotation": [0, 0, -7.5]
				},
				"wing_right3": {
					"rotation": [0, 0, -12.5]
				},
				"neck4": {
					"rotation": [12.5, 0, 0]
				},
				"tail": {
					"rotation": [-13.45687, 24.27589, -4.5534]
				},
				"tail2": {
					"rotation": [7.25157, 26.53672, 3.59227]
				},
				"tail3": {
					"rotation": [2.5, -27.5, 0]
				},
				"tail4": {
					"rotation": [6.1299, -31.07486, -2.56463]
				},
				"tail5": {
					"rotation": [6.47456, -28.18467, 1.74055]
				},
				"tail6": {
					"rotation": [-2.84671, -29.99039, 0.19909]
				},
				"tail7": {
					"rotation": [-0.58887, -32.48577, 0.16]
				},
				"tail8": {
					"rotation": [9.11997, -42.47952, 0.6373]
				},
				"tail9": {
					"rotation": [15, -32.5, 0]
				},
				"tail10": {
					"rotation": [10, -25, 0]
				},
				"wing_right_rotation": {
					"rotation": [-10, 0, 0]
				},
				"wing_left_rotation": {
					"rotation": [-10, 0, 0]
				}
			}
		},
		"animation.salamence.air_idle": {
			"loop": true,
			"bones": {
				"neck2": {
					"rotation": [-10, 0, 0]
				},
				"neck3": {
					"rotation": [17.5, 0, 0]
				},
				"head_rotation": {
					"rotation": [-5, 0, 0]
				},
				"leg_front_left_rotation": {
					"rotation": [-25.59556, -2.98686, -6.53039]
				},
				"leg_front_left2": {
					"rotation": [15, 0, 17.5]
				},
				"foot_front_left": {
					"rotation": [9.81997, -2.48312, 9.23974]
				},
				"body": {
					"rotation": [10, 0, 0],
					"position": [0, 15.2, 0]
				},
				"leg_front_right_rotation": {
					"rotation": [-25.59556, 2.98686, 6.53039]
				},
				"leg_front_right2": {
					"rotation": [15, 0, -17.5]
				},
				"foot_front_right": {
					"rotation": [9.8941, 7.40941, -8.38085]
				},
				"leg_back_left": {
					"rotation": [0, 0, 7.5]
				},
				"leg_back_left_rotation": {
					"rotation": [3.78481, -19.75786, -3.36729]
				},
				"leg_back_left2": {
					"rotation": [30, 0, 0]
				},
				"foot_back_left": {
					"rotation": [7.43656, -0.9762, 7.43656]
				},
				"leg_back_right": {
					"rotation": [0, 0, -7.5]
				},
				"leg_back_right_rotation": {
					"rotation": [3.78481, 19.75786, 3.36729]
				},
				"leg_back_right2": {
					"rotation": [30, 0, 0]
				},
				"foot_back_right": {
					"rotation": [7.43656, 0.9762, -7.43656]
				},
				"wing_left": {
					"rotation": [0, 0, 37.5]
				},
				"wing_left2": {
					"rotation": [0, 0, 5]
				},
				"wing_left3": {
					"rotation": [0, 0, 7.5]
				},
				"wing_right": {
					"rotation": [0, 0, -37.5]
				},
				"wing_right2": {
					"rotation": [0, 0, -5]
				},
				"wing_right3": {
					"rotation": [0, 0, -7.5]
				},
				"tail": {
					"rotation": [0.00004, -24.92853, -0.65551]
				},
				"tail2": {
					"rotation": [-13.4936, 21.93857, -5.123]
				},
				"tail3": {
					"rotation": [-14.97947, 35.56329, -2.14845]
				},
				"tail4": {
					"rotation": [5, 22.5, 0]
				},
				"tail5": {
					"rotation": [17.61962, -28.25899, -1.26918]
				},
				"tail6": {
					"rotation": [15, -45, 0]
				},
				"tail7": {
					"rotation": [21.02335, -39.81829, -1.68295]
				},
				"tail8": {
					"rotation": [16.90869, -32.57139, 1.02903]
				},
				"tail9": {
					"rotation": [19.45124, -28.31831, 5.39882]
				},
				"tail10": {
					"rotation": [0, -27.5, 0]
				},
				"wing_right_rotation": {
					"rotation": [-15, 0, 0]
				},
				"wing_left_rotation": {
					"rotation": [-15, 0, 0]
				},
				"neck4": {
					"rotation": [22.5, 0, 0]
				},
				"toes_front_left": {
					"rotation": [22.5, 0, 0]
				},
				"toe_inner_front_left": {
					"rotation": [-10, 0, 0]
				},
				"toe_outer_front_left": {
					"rotation": [10, 0, 0]
				},
				"toes_back_left": {
					"rotation": [20, 0, 0]
				},
				"toe_inner_back_left": {
					"rotation": [-12.5, 0, 0]
				},
				"toe_middle_back_left": {
					"rotation": [-10, 0, 0]
				},
				"toes_back_right": {
					"rotation": [20, 0, 0]
				},
				"toe_inner_back_right": {
					"rotation": [-12.5, 0, 0]
				},
				"toe_middle_back_right": {
					"rotation": [-10, 0, 0]
				},
				"toes_front_right": {
					"rotation": [22.5, 0, 0]
				},
				"toe_inner_front_right": {
					"rotation": [-10, 0, 0]
				},
				"toe_outer_front_right": {
					"rotation": [10, 0, 0]
				}
			}
		},
		"animation.salamence.blink": {
			"animation_length": 0.1667,
			"bones": {
				"eyelid_left": {
					"position": {
						"0.0": [0.1, 0, 0],
						"0.125": [0.1, 0, 0],
						"0.1667": [0, 0, 0]
					}
				},
				"eyelid_right": {
					"position": {
						"0.0": [-0.1, 0, 0],
						"0.125": [-0.1, 0, 0],
						"0.1667": [0, 0, 0]
					}
				}
			}
		},
		"animation.salamence.cry": {
			"animation_length": 1.2,
			"sound_effects": {
				"0.04": {
					"effect": "pokemon.salamence.cry"
				}
			}
		}
	}
}